{
  "generated_at_utc": "2026-03-08T21:12:00Z",
  "overall_progress_pct": 70.78947368421052,
  "independent_progress_pct": 68.14269005847953,
  "new_tests_status": {
    "PASS": 21,
    "OBSERVED": 49,
    "FAIL": 10
  },
  "benchmark_qmc_fail_pct": 46.666666666666664,
  "benchmark_external_fail_pct": 100.0,
  "module_avg_progress_pct": 62.402307692307694
}
