metric,common_points,max_abs_diff,mean_abs_diff,reference_run,current_run
energy,114,0.0,0.0,research_20260305T204736Z_9999,research_20260305T205145Z_10705
pairing,114,0.0,0.0,research_20260305T204736Z_9999,research_20260305T205145Z_10705
sign_ratio,114,0.0,0.0,research_20260305T204736Z_9999,research_20260305T205145Z_10705
elapsed_ns,114,176159606.0,47394402.10526316,research_20260305T204736Z_9999,research_20260305T205145Z_10705
cpu_percent,114,0.009999999999999787,0.009999999999999787,research_20260305T204736Z_9999,research_20260305T205145Z_10705
mem_percent,114,1.6400000000000006,0.8164035087719267,research_20260305T204736Z_9999,research_20260305T205145Z_10705
