metric,common_points,max_abs_diff,mean_abs_diff,reference_run,current_run
energy,114,0.0,0.0,research_20260305T190831Z_3632,research_20260305T191505Z_4650
pairing,114,0.0,0.0,research_20260305T190831Z_3632,research_20260305T191505Z_4650
sign_ratio,114,0.0,0.0,research_20260305T190831Z_3632,research_20260305T191505Z_4650
elapsed_ns,114,77314009.0,19605014.93859649,research_20260305T190831Z_3632,research_20260305T191505Z_4650
cpu_percent,114,0.009999999999999787,0.004824561403508669,research_20260305T190831Z_3632,research_20260305T191505Z_4650
mem_percent,114,1.9100000000000108,1.8265789473684253,research_20260305T190831Z_3632,research_20260305T191505Z_4650
