metric,common_points,max_abs_diff,mean_abs_diff,reference_run,current_run
energy,114,0.0,0.0,research_20260305T120003Z_1855,research_20260305T160028Z_1208
pairing,114,0.0,0.0,research_20260305T120003Z_1855,research_20260305T160028Z_1208
sign_ratio,114,0.0,0.0,research_20260305T120003Z_1855,research_20260305T160028Z_1208
elapsed_ns,114,74230175.0,18460909.03508772,research_20260305T120003Z_1855,research_20260305T160028Z_1208
cpu_percent,114,1.17,1.1642982456140338,research_20260305T120003Z_1855,research_20260305T160028Z_1208
mem_percent,114,9.969999999999999,9.902807017543845,research_20260305T120003Z_1855,research_20260305T160028Z_1208
