metric,common_points,max_abs_diff,mean_abs_diff,reference_run,current_run
energy,88,453946.3020558951,5158.4807051806265,research_20260305T181616Z_528,research_20260305T181842Z_2167
pairing,87,0.0,0.0,research_20260305T181616Z_528,research_20260305T181842Z_2167
sign_ratio,87,0.0,0.0,research_20260305T181616Z_528,research_20260305T181842Z_2167
elapsed_ns,87,108282458.0,41521026.27586207,research_20260305T181616Z_528,research_20260305T181842Z_2167
cpu_percent,87,0.02999999999999936,0.02999999999999936,research_20260305T181616Z_528,research_20260305T181842Z_2167
mem_percent,87,0.8699999999999903,0.8470114942528758,research_20260305T181616Z_528,research_20260305T181842Z_2167
