metric,common_points,max_abs_diff,mean_abs_diff,reference_run,current_run
energy,114,0.0,0.0,research_20260306T013221Z_1767,research_20260306T013335Z_2031
pairing,114,0.0,0.0,research_20260306T013221Z_1767,research_20260306T013335Z_2031
sign_ratio,114,0.0,0.0,research_20260306T013221Z_1767,research_20260306T013335Z_2031
elapsed_ns,114,186034376.0,44626815.850877196,research_20260306T013221Z_1767,research_20260306T013335Z_2031
cpu_percent,114,0.15000000000000213,0.14692982456140485,research_20260306T013221Z_1767,research_20260306T013335Z_2031
mem_percent,114,0.7600000000000051,0.5604385964912282,research_20260306T013221Z_1767,research_20260306T013335Z_2031
