metric,common_points,max_abs_diff,mean_abs_diff,reference_run,current_run
energy,114,0.0,0.0,research_20260305T205145Z_10705,research_20260305T232929Z_568
pairing,114,0.0,0.0,research_20260305T205145Z_10705,research_20260305T232929Z_568
sign_ratio,114,0.0,0.0,research_20260305T205145Z_10705,research_20260305T232929Z_568
elapsed_ns,114,754206536.0,256972679.9122807,research_20260305T205145Z_10705,research_20260305T232929Z_568
cpu_percent,114,1.5199999999999996,1.4762280701754378,research_20260305T205145Z_10705,research_20260305T232929Z_568
mem_percent,114,9.630000000000003,9.314385964912278,research_20260305T205145Z_10705,research_20260305T232929Z_568
